1,janiecee,2023-05-26,08:09,1
2,janiecee,2023-05-26,23:09,2
3,merylpor,2023-05-26,11:10,1
4,merylpor,2023-05-26,23:10,2
5,charisho,2023-05-26,11:08,1
6,charisho,2023-05-26,21:10,2
7,janiecee,2023-05-27,10:09,1
8,janiecee,2023-05-27,23:09,2
9,merylpor,2023-05-27,11:10,1
10,merylpor,2023-05-27,23:10,2
11,charisho,2023-05-27,11:08,1
12,charisho,2023-05-27,21:10,2
13,janiecee,2023-05-28,10:09,1
14,janiecee,2023-05-28,23:09,2
15,merylpor,2023-05-28,08:10,1
16,merylpor,2023-05-28,23:10,2
17,charisho,2023-05-28,08:08,1
18,charisho,2023-05-28,21:10,2
19,janiecee,2023-05-29,08:09,1
20,janiecee,2023-05-29,23:09,2
21,merylpor,2023-05-29,08:10,1
22,merylpor,2023-05-29,23:10,2
23,charisho,2023-05-29,08:08,1
24,charisho,2023-05-29,21:10,2
25,charisho,2023-05-30,08:08,1
26,charisho,2023-05-30,21:10,2
27,charisho,2023-06-01,08:08,1
28,charisho,2023-05-01,21:10,2
29,charisho,2023-05-02,08:08,1
30,charisho,2023-05-02,21:10,2